,Fecha,evapotranspiration,gross_primary_productivity,EMA 1,EMA 2,Evento extremo
0,2001-01-05,4.023,5.12,4.0229997634887695,5.119999885559082,0
1,2001-01-13,3.901,5.46,3.955899906158447,5.306999969482422,0
2,2001-01-21,2.502,7.811,3.371441841917576,6.313591291738112,0
3,2001-01-29,3.6529999,5.561,3.4642026701185964,6.0656459496753055,0
4,2001-02-06,2.66,6.217,3.233337980474094,6.109095583261035,0
5,2001-02-14,3.094,5.67,3.1971471202141646,5.9950473129443616,0
6,2001-02-22,3.907,6.186,3.3681931643927943,6.041059208518435,0
7,2001-03-02,3.234,6.357,3.3376635654031652,6.112937232545846,0
8,2001-03-10,3.317,5.796,3.3331678775890365,6.043982782559978,0
9,2001-03-18,2.872,6.384,3.236296717398589,6.115405458426436,0
10,2001-03-26,3.432,7.309,3.2762764353874703,6.359241904137657,0
11,2001-04-03,3.45,6.277,3.310986095174765,6.342810112302137,0
12,2001-04-11,2.378,5.758,3.1278696171779172,6.228029849354863,0
13,2001-04-19,3.476,6.283,3.195223583692505,6.238665107304543,0
14,2001-04-27,2.862,6.659,3.1314964477991816,6.319051772934971,0
15,2001-05-05,2.706,6.585,3.050882547292681,6.369437931549112,0
16,2001-05-13,2.785,5.277,3.0008908084011097,6.164035612012507,0
17,2001-05-21,2.746,4.874,2.953261234075992,5.922976091616878,0
18,2001-05-29,2.254,5.055,2.8232512217155503,5.761597781326642,0
19,2001-06-06,2.385,5.182,2.742102696383292,5.654276936831323,0
20,2001-06-14,2.152,5.364,2.633201085083475,5.600707209538487,0
21,2001-06-22,2.288,5.153,2.569668686772759,5.518309063795141,0
22,2001-06-30,2.231,5.354,2.507476980802522,5.488136053777786,0
23,2001-07-08,2.3799999,4.847,2.4841100924789195,5.3706141525525375,0
24,2001-07-16,2.4819999,6.17,2.4837238572524623,5.516926500393188,0
25,2001-07-24,2.987,5.44,2.575727377886503,5.502863636765192,0
26,2001-08-01,1.79,5.547,2.4322313672273697,5.510924170312667,0
27,2001-08-09,2.0609999,5.303,2.364488889378585,5.472982076424769,0
28,2001-08-17,2.575,6.453,2.4028776307158406,5.651697815356848,0
29,2001-08-25,3.516,5.531,2.6057563907166994,5.629699340422147,0
30,2001-09-02,3.592,6.793,2.785430545121882,5.841629839639248,0
31,2001-09-10,3.256,7.239,2.871128003215576,6.096110969758823,0
32,2001-09-18,3.856,5.139,3.050434212303552,5.921858924341411,0
33,2001-09-26,3.392,6.974,3.1126047583720844,6.113365784275129,0
34,2001-10-04,4.39,6.319,3.345065473061983,6.150787113318649,1
35,2001-10-12,4.139,6.583,3.4895224708342027,6.22942861981669,0
36,2001-10-20,3.1,5.891,3.418657931619023,6.167859394105209,0
37,2001-10-28,3.611,6.968,3.453646297226311,6.3134105007310755,0
38,2001-11-05,3.48,6.808,3.4584397963727893,6.403371788814904,0
39,2001-11-13,2.963,5.917,3.368330415995511,6.314911631649617,0
40,2001-11-21,3.658,5.711,3.4210116883415953,6.205080163165085,0
41,2001-11-29,2.92,6.149,3.329898748733232,6.194881570749631,0
42,2001-12-07,2.9259999,5.841,3.256449452727175,6.1305279704828415,0
43,2001-12-15,2.526,5.663,3.123621026063998,6.045510462061559,0
44,2001-12-23,3.038,6.73,3.108051721919247,6.169978012632927,0
45,2001-12-31,3.114,7.034,3.1091333479034438,6.327088296914067,0
46,2002-01-05,3.552,4.963,3.1896610205594365,6.079052328499131,0
47,2002-01-13,3.399,5.058,3.227725136714316,5.893394290523431,0
48,2002-01-21,2.87,6.317,3.1626806917484696,5.97041762745985,0
49,2002-01-29,2.0839999,7.055,2.966548295635979,6.167623049106137,1
50,2002-02-06,3.077,6.769,2.9866311273989825,6.276968250337387,0
51,2002-02-14,3.941,5.743,3.1601578376724184,6.179880266102516,0
52,2002-02-22,3.14,7.134,3.15649270721963,6.353360720942172,0
53,2002-03-02,3.022,6.505,3.132039020150536,6.380932062196001,0
54,2002-03-10,2.728,5.493,3.058576184079606,6.219487275868958,0
55,2002-03-18,2.09,6.578,2.8824690883784125,6.284672278508764,0
56,2002-03-26,3.792,7.235,3.0478401370600214,6.457461023133124,0
57,2002-04-03,2.782,7.722,2.9995051523372456,6.687379249984044,0
58,2002-04-11,3.284,7.469,3.0512318468357296,6.829493113777622,0
59,2002-04-19,3.688,7.932,3.167008551393529,7.029950123473731,0
60,2002-04-27,3.033,6.066,3.1426432411886793,6.854685615568622,0
61,2002-05-05,3.048,6.603,3.125435328855042,6.808924443585214,0
62,2002-05-13,1.952,6.196,2.9120827652066996,6.697483293459897,0
63,2002-05-21,2.231,6.134,2.788249197947039,6.595031482691356,0
64,2002-05-29,2.559,5.555,2.7465674381719083,6.405934409075118,0
65,2002-06-06,2.714,5.424,2.7406460728658857,6.227400525223054,0
66,2002-06-14,1.9,5.031,2.587801106603942,6.009872866866482,0
67,2002-06-22,1.784,4.715,2.4416552847563837,5.774441185239053,0
68,2002-06-30,1.83,4.29,2.3304451329446825,5.504542519266023,0
69,2002-07-08,1.91,5.077,2.2540004965989935,5.426807479751276,0
70,2002-07-16,2.227,5.205,2.249091311865644,5.386478807018696,0
71,2002-07-24,2.901,5.823,2.367620231367507,5.465846330481848,0
72,2002-08-01,1.829,5.134,2.2696892369605366,5.405510575907115,0
73,2002-08-09,2.086,5.685,2.2362911757602646,5.456326842496529,0
74,2002-08-17,1.932,6.082,2.180965498802232,5.570085591270429,0
75,2002-08-25,3.707,6.305,2.458426386360107,5.7037063934489245,0
76,2002-09-02,3.255,7.5820003,2.6032580014871853,6.045214434885118,0
77,2002-09-10,3.442,6.386,2.7557565550159278,6.107175485033021,0
78,2002-09-18,4.167,6.42,3.012346272442257,6.16405269085847,0
79,2002-09-26,3.749,7.149,3.1462833412796507,6.343134069411005,0
80,2002-10-04,3.54,5.3190002,3.2178681876306907,6.156927903112726,0
81,2002-10-12,3.817,6.41,3.3268012362503336,6.20294098717967,0
82,2002-10-20,2.159,4.96,3.114473711781638,5.976951710517681,0
83,2002-10-28,3.333,5.848,3.154205756027052,5.953505952864972,0
84,2002-11-05,2.626,7.468,3.058168328906703,6.228868505866761,0
85,2002-11-13,3.8009999,5.7730002,3.193228615215318,6.145983364025592,0
86,2002-11-21,3.386,6.495,3.228277943908961,6.209440915056502,0
87,2002-11-29,3.1399999,6.151,3.212227384033665,6.198815298071044,0
88,2002-12-07,3.544,6.668,3.272549662603655,6.284121649235301,0
89,2002-12-15,2.957,5.433,3.215176998974233,6.129372272198842,0
90,2002-12-23,3.557,6.527,3.2773266220350314,6.201668214539689,0
91,2002-12-31,3.027,5.171,3.2318126813025314,6.014273992609249,0
92,2003-01-05,3.91,5.614,3.355119483094157,5.941496874035581,0
93,2003-01-13,3.608,6.134,3.401097766473241,5.976497410712891,0
94,2003-01-21,3.282,4.579,3.3794436387915177,5.722406970372136,1
95,2003-01-29,3.244,5.304,3.3548175149122903,5.646332957398701,0
96,2003-02-06,2.073,6.314,3.1217597757851054,5.767726989153356,0
97,2003-02-14,3.394,5.628,3.171258008222289,5.742322042427281,0
98,2003-02-22,3.639,6.49,3.25630199583037,5.878263447964051,0
99,2003-03-02,3.061,6.464,3.220792561741655,5.984761044006245,0
100,2003-03-10,2.398,4.922,3.0711939142631364,5.79153175048865,0
101,2003-03-18,4.1219997,7.782,3.2622495192982783,6.1534350808394604,1
102,2003-03-26,3.763,7.806,3.3532950634209047,6.453901472403397,0
103,2003-04-03,3.086,7.536,3.3046959546965313,6.650646618487782,0
104,2003-04-11,2.931,6.945,3.2367512345724103,6.704165446375348,0
105,2003-04-19,3.386,7.165,3.263887358844755,6.78795354014701,0
106,2003-04-27,2.774,6.018,3.174816917090499,6.647962010214965,0
107,2003-05-05,1.827,5.241,2.929759299694558,6.392150767436152,0
108,2003-05-13,2.045,6.14,2.768893986298048,6.346305149066986,0
109,2003-05-21,2.596,5.081,2.737458708077709,6.116249640309162,0
110,2003-05-29,2.533,5.46,2.700284396123082,5.9969315307998325,0
111,2003-06-06,2.544,4.255,2.671869035069341,5.680216727770549,1
112,2003-06-14,2.613,4.903,2.6611655588873346,5.538904573233975,0
113,2003-06-22,2.111,4.392,2.5611354683571417,5.330376505051631,0
114,2003-06-30,2.515,4.693,2.5527472204558053,5.214489838628091,0
115,2003-07-08,2.918,5.237,2.619156813620614,5.21858259316074,0
116,2003-07-16,1.433,4.767,2.4034919326811046,5.136476703192521,1
117,2003-07-24,1.583,4.99,2.2543115712198487,5.109844533723071,0
118,2003-08-01,2.596,5.732,2.316436732115427,5.222963686526417,0
119,2003-08-09,2.849,5.954,2.413266413027234,5.355879379196299,0
120,2003-08-17,3.145,6.136,2.5463088799218037,5.497719520510576,0
121,2003-08-25,2.935,5.615,2.616979982261222,5.519043202439725,0
122,2003-09-02,2.356,6.087,2.569529066684501,5.622308055305105,0
123,2003-09-10,3.143,5.966,2.6737964886464796,5.684797514361269,0
124,2003-09-18,2.66,6.581,2.671288051770849,5.847743393793448,0
125,2003-09-26,3.906,6.044,2.895781114889499,5.883426440153775,0
126,2003-10-04,2.8830001,6.511,2.893457300440798,5.997530752199989,0
127,2003-10-12,3.592,6.834,3.0204650653850673,6.149616090096732,0
128,2003-10-20,3.415,5.602,3.0921986829251065,6.050049571262434,0
129,2003-10-28,2.912,5.778,3.0594352752789686,6.000585990656249,0
130,2003-11-05,3.08,6.755,3.063174302265726,6.1377521949812595,0
131,2003-11-13,3.429,5.845,3.129688047457233,6.0845244850193465,0
132,2003-11-21,3.668,6.085,3.2275629447986893,6.08461094922437,0
133,2003-11-29,3.117,7.313,3.2074606099255814,6.307954449762035,0
134,2003-12-07,3.216,6.383,3.2090132408679586,6.321599076533175,0
135,2003-12-15,2.856,5.495,3.144829005545374,6.171308314537676,0
136,2003-12-23,4.079,4.74,3.314678276571011,5.911070397552011,1
137,2003-12-31,3.733,7.291,3.390736779022594,6.1619666687925685,0
138,2004-01-05,2.135,6.613,3.162420999284357,6.243972713753375,0
139,2004-01-13,3.873,7.25,3.2916171642399945,6.426886765798332,0
140,2004-01-21,4.042,6.3190002,3.4280503738136168,6.407271034587829,0
141,2004-01-29,3.766,5.613,3.4894957662884267,6.262858103949373,0
142,2004-02-06,4.262,6.178,3.62995109676755,6.247429352921685,0
143,2004-02-14,2.993,5.906,3.514141811994795,6.185351313723015,0
144,2004-02-22,2.499,7.748,3.329570586628289,6.469469283038623,0
145,2004-03-01,3.226,7.92,3.310739583708942,6.733202154539639,0
146,2004-03-09,2.502,7.104,3.163696040027309,6.8006199612693035,0
147,2004-03-17,3.771,7.353,3.2741149251945876,6.901052725407986,0
148,2004-03-25,2.826,8.097,3.19263947974183,7.118497706619341,0
149,2004-04-02,4.1159997,7.619,3.3605231559049504,7.209498115968256,1
150,2004-04-10,3.439,6.309,3.374791653246075,7.0457711885665235,0
151,2004-04-18,2.633,7.71,3.2399204248382674,7.1665400703084305,0
152,2004-04-26,2.411,5.445,3.0892076227497465,6.8535328160089515,0
153,2004-05-04,2.867,6.697,3.0488062555219417,6.825072308862391,0
154,2004-05-12,2.64,6.259,2.974477864500527,6.722150038982667,0
155,2004-05-20,2.52,5.865,2.8918455220325225,6.566304535734572,0
156,2004-05-28,2.04,5.051,2.7369645110907928,6.290794641647483,0
157,2004-06-05,2.1629999,5.046,2.6326073033275454,6.064468343859699,0
158,2004-06-13,2.585,4.836,2.6239514369310775,5.8411104569156995,0
159,2004-06-21,1.969,4.702,2.504869354194551,5.633999490411715,0
160,2004-06-29,2.415,5.058,2.48852946467791,5.529272326289227,0
161,2004-07-07,2.984,5.709,2.578615010659213,5.56195010525959,0
162,2004-07-15,2.928,5.534,2.642139549320651,5.556868253374456,0
163,2004-07-23,2.285,6.085,2.577205101413385,5.652892214242187,0
164,2004-07-31,2.014,6.066,2.474804162786377,5.728002717969282,0
165,2004-08-08,1.898,6.229,2.36993067899019,5.819093149529909,0
166,2004-08-16,2.842,6.774,2.4557614660155003,5.992712607405686,0
167,2004-08-24,3.033,6.274,2.5607139253527924,6.04385580021314,0
168,2004-09-01,3.986,6.451,2.819856859113223,6.11788205719676,0
169,2004-09-09,3.105,7.568,2.871701070015089,6.381539835848753,0
170,2004-09-17,3.56,6.381,2.9968463196086264,6.381441691505647,0
171,2004-09-25,3.613,7.186,3.1088742462391785,6.5277249967410365,0
172,2004-10-03,2.93,6.569,3.0763516681515464,6.535229500479661,0
173,2004-10-11,3.85,6.261,3.2170149838753686,6.485369619738374,0
174,2004-10-19,3.261,5.901,3.225012244622394,6.379120602129248,0
175,2004-10-27,3.4160001,6.751,3.25973731428966,6.446735024927704,0
176,2004-11-04,3.307,4.9900002,3.2683305156549416,6.18187415638727,0
177,2004-11-12,3.34,6.103,3.281361315384827,6.16753343050449,0
178,2004-11-20,2.985,7.229,3.227477420786827,6.360527368876899,0
179,2004-11-28,2.733,6.508,3.137572442471826,6.387340555808949,0
180,2004-12-06,2.599,6.188,3.039650176042733,6.35109685514895,0
181,2004-12-14,2.925,6.867,3.0188046808197417,6.444897445666745,0
182,2004-12-22,3.451,6.459,3.097385643435147,6.447461566568468,0
183,2004-12-30,3.576,5.857,3.184406431029569,6.3401048952132895,0
184,2005-01-05,2.538,6.024,3.06687800844447,6.282631308419361,0
185,2005-01-13,3.213,6.76,3.0934456540232587,6.369425657594356,0
186,2005-01-21,2.913,6.158,3.060637372712034,6.330984627553675,0
187,2005-01-29,3.588,7.075,3.156521497514902,6.466260115137577,0
188,2005-02-06,2.808,7.422,3.093153968464563,6.640030990809918,0
189,2005-02-14,3.703,6.143,3.2040350775918336,6.549661742641753,0
190,2005-02-22,3.763,6.368,3.3056650655649715,6.516632340437357,0
191,2005-03-02,2.891,6.98,3.2302714231758727,6.600881009280289,0
192,2005-03-10,3.475,6.813,3.274767510713454,6.6394481352618655,0
193,2005-03-18,3.779,7.028,3.3664461531053753,6.710093906656015,0
194,2005-03-26,3.596,7.362,3.4081832082009402,6.828622285183268,0
195,2005-04-03,3.037,7.028,3.340695341413895,6.864872756591709,0
196,2005-04-11,2.737,6.867,3.2309325499851704,6.865259546847185,0
197,2005-04-19,3.052,6.484,3.198399367401752,6.795939666691997,0
198,2005-04-27,3.564,6.299,3.2648721899252755,6.705586961180172,0
199,2005-05-05,3.42,6.179,3.2930772601741247,6.609843859296117,0
200,2005-05-13,2.482,6.41,3.1456086878758414,6.573508584408115,0
201,2005-05-21,2.696,5.592,3.0638616717497116,6.395052479539256,0
202,2005-05-29,2.561,5.104,2.9724322966531953,6.160315681723524,0
203,2005-06-06,2.285,5.949,2.847444621958194,6.121894627181862,0
204,2005-06-14,2.593,6.086,2.8011819516294585,6.115368325088382,0
205,2005-06-22,1.788,4.931,2.616967049079054,5.900028671926227,0
206,2005-06-30,2.348,5.352,2.568063958263056,5.800387138214409,0
207,2005-07-08,2.405,5.66,2.5384159606497314,5.7748621762503545,0
208,2005-07-16,2.346,5.109,2.5034312325554136,5.653796363476409,0
209,2005-07-24,2.172,5.494,2.4431709959699655,5.6247424715785765,0
210,2005-08-01,2.688,5.531,2.48768535375004,5.607698410805945,0
211,2005-08-09,2.3009999,6.359,2.4537425403113122,5.744298737203709,0
212,2005-08-17,2.85,5.71,2.525789333824268,5.738062610102484,0
213,2005-08-25,3.026,6.643,2.6167367318358887,5.902596703881127,0
214,2005-09-02,3.761,6.3,2.82478458386282,5.974851883309079,0
215,2005-09-10,2.676,6.31,2.7977328628433282,6.03578789412189,0
216,2005-09-18,2.674,6.688,2.7752359831982742,6.154371950132265,0
217,2005-09-26,3.166,7.307,2.8462839661392754,6.3639407156022685,0
218,2005-10-04,4.424,5.749,3.133141388000671,6.252133325943538,1
219,2005-10-12,3.764,7.079,3.2478429427214293,6.402472720532949,0
220,2005-10-20,4.048,6.689,3.393326018382297,6.454568613108724,0
221,2005-10-28,3.267,8.015,3.3703576441210936,6.7382834731476375,0
222,2005-11-05,2.716,5.539,3.251383541573375,6.520231938817571,0
223,2005-11-13,2.763,6.437,3.162586536095323,6.505098822272748,0
224,2005-11-21,2.79,6.553,3.0948435225967232,6.513808122458997,0
225,2005-11-29,2.912,7.068,3.0615992350104446,6.614570252881491,0
226,2005-12-07,3.126,6.47,3.0733084518305005,6.588284714210611,0
227,2005-12-15,2.57,8.08,2.9817978120872812,6.8595056613916014,1
228,2005-12-23,2.784,7.473,2.94583455896075,6.9710500956096855,0
229,2005-12-31,3.588,6.464,3.0625919226274885,6.878859210056495,0
230,2006-01-05,2.719,6.627,3.0001206823478497,6.83306660005377,0
231,2006-01-13,3.192,6.674,3.035007815059507,6.80414536120344,0
232,2006-01-21,2.257,5.778,2.8935518431364007,6.617573455153666,0
233,2006-01-29,2.037,6.82,2.7378151336338172,6.654378312700523,0
234,2006-02-06,3.164,5.594,2.815303297397173,6.461582230876954,0
235,2006-02-14,2.479,5.874,2.7541572599709117,6.35474911116828,0
236,2006-02-22,3.564,7.196,2.9014013747545873,6.507703836261707,0
237,2006-03-02,2.981,7.146,2.9158738423617963,6.623757667568173,0
238,2006-03-10,2.93,7.716,2.9184422467973246,6.822347197120986,0
239,2006-03-18,2.723,6.486,2.882907301850732,6.761193172378108,0
240,2006-03-26,3.898,8.186,3.067469610951935,7.020248935636686,1
241,2006-04-03,3.711,6.991,3.1844751299911693,7.0149309792438475,0
242,2006-04-11,3.474,6.337,3.2371160112858326,6.8916707817792355,0
243,2006-04-19,3.086,7.555,3.209640366627995,7.012276062971851,0
244,2006-04-27,3.73,6.009,3.3042512125271752,6.829862201435864,0
245,2006-05-05,2.269,6.785,3.1160237290505544,6.8217054097951815,0
246,2006-05-13,1.651,6.325,2.8496557824755775,6.731395300607901,1
247,2006-05-21,2.558,5.567,2.7966274743414794,6.519687048181367,0
248,2006-05-29,2.736,5.92,2.785604308285784,6.410653053292744,0
249,2006-06-06,2.27,5.173,2.691858066947735,6.185625199758826,0
250,2006-06-14,1.775,5.064,2.5251565958950817,5.981693368838986,0
251,2006-06-22,2.242,5.1940002,2.4736735971863077,5.838476437075648,0
252,2006-06-30,1.923,5.319,2.373551120982523,5.7440261334807055,0
253,2006-07-08,2.266,4.837,2.3539963776084147,5.579112271609391,0
254,2006-07-16,1.925,4.887,2.2759970275553,5.453273692030109,0
255,2006-07-24,1.587,4.981,2.150724842981203,5.367405738314496,0
256,2006-08-01,2.908,5.36,2.2884112337792764,5.36605926471448,0
257,2006-08-09,2.554,5.83,2.336700082331748,5.450412111803857,0
258,2006-08-17,2.12,5.8059998,2.2973000465549,5.515064410723042,0
259,2006-08-25,3.026,6.135,2.4297909513427696,5.627780014024641,0
260,2006-09-02,3.3700001,6.375,2.6007380736400227,5.763638193292888,0
261,2006-09-10,3.3470001,7.527,2.73642208244553,6.084249421859442,0
262,2006-09-18,3.508,7.307,2.8767089578196474,6.306567737924505,0
263,2006-09-26,2.445,6.206,2.7982164078965837,6.288282667615832,0
264,2006-10-04,3.689,7.696,2.9601770412392283,6.544231291536977,0
265,2006-10-12,3.136,7.37,2.992144837011007,6.694371035904633,0
266,2006-10-20,2.752,5.592,2.948482156365385,6.49393993985459,0
267,2006-10-28,3.188,4.812,2.9920308486190197,6.188132641303036,0
268,2006-11-05,2.72,6.954,2.942570699526512,6.32738125128163,0
269,2006-11-13,2.425,6.427,2.848466927306471,6.345493759371583,0
270,2006-11-21,2.396,6.689,2.7662001966047973,6.407949463067606,0
271,2006-11-29,2.873,5.72,2.78561832568391,6.282867704362886,0
272,2006-12-07,2.429,7.3650002,2.720778612071903,6.4796190759251475,0
273,2006-12-15,2.73,7.333,2.722455231526736,6.6347792772306615,0
274,2006-12-23,3.255,7.3650002,2.819281573874769,6.767546726453326,0
275,2006-12-31,3.508,6.313,2.944503087170843,6.684901903857985,0
276,2007-01-05,3.406,6.4,3.0284115983962394,6.63310157504152,0
277,2007-01-13,2.9819999,7.179,3.0199731030723758,6.732355816091765,0
278,2007-01-21,2.459,7.0,2.917978013536711,6.781018394984171,0
279,2007-01-29,3.66,5.603,3.0528911175901614,6.566833262083772,0
280,2007-02-06,3.856,5.4379997,3.1989109046818123,6.361590800857958,0
281,2007-02-14,3.785,6.745,3.3054725739816084,6.43130154353089,0
282,2007-02-22,3.1529999,5.709,3.2777502656085318,6.299974010275496,0
283,2007-03-02,2.744,6.534,3.180704755141222,6.342524175660198,0
284,2007-03-10,3.365,6.618,3.2142129832131348,6.3926106947251755,0
285,2007-03-18,3.196,6.793,3.2109015497529514,6.465408790457405,0
286,2007-03-26,3.092,7.491,3.189283087548668,6.651879951369891,0
287,2007-04-03,3.131,6.723,3.178686170169214,6.664810878319195,0
288,2007-04-11,3.428,6.538,3.224015952556106,6.641754374408708,0
289,2007-04-19,2.71,7.071,3.1305585135726273,6.71979905164024,0
290,2007-04-27,3.339,6.821,3.168456963222797,6.738199242102402,0
291,2007-05-05,2.489,6.691,3.0449193484579236,6.729617558945821,0
292,2007-05-13,2.519,6.085,2.9492976584484394,6.61241437334603,0
293,2007-05-21,3.225,5.487,2.9994253395728268,6.407793576111463,0
294,2007-05-29,2.125,5.374,2.840438914195949,6.2198311209056065,0
295,2007-06-06,2.384,4.667,2.757450032149868,5.937498156539956,0
296,2007-06-14,1.96,4.449,2.6124591241493413,5.666862106577125,0
297,2007-06-22,2.306,4.825,2.5567392823545436,5.513796234338582,0
298,2007-06-30,1.727,4.545,2.4058775943069266,5.337651478330466,0
299,2007-07-08,1.728,4.908,2.2826271307643387,5.259533026337764,0
300,2007-07-16,2.713,5.221,2.3608767541031512,5.2525270569217275,0
301,2007-07-24,2.828,5.568,2.4458082658415874,5.309885744714634,0
302,2007-08-01,2.225,5.454,2.4056612910763113,5.3360883358911195,0
303,2007-08-09,2.363,5.543,2.3979046774400112,5.373708678684087,0
304,2007-08-17,2.105,5.984,2.344649285009734,5.484670774558554,0
305,2007-08-25,3.363,6.753,2.5298039452037204,5.715276048741045,0
306,2007-09-02,3.262,7.001,2.662930515880015,5.949044026700992,0
307,2007-09-10,2.701,7.176,2.669852235757188,6.172126952438197,0
308,2007-09-18,3.359,6.557,2.79515182336044,6.242103899307122,0
309,2007-09-26,3.326,6.26,2.8916696691502635,6.245357777411615,0
310,2007-10-04,3.333,5.816,2.9719115374296496,6.167292724198814,0
311,2007-10-12,3.389,7.551,3.047745792254231,6.418875886754596,0
312,2007-10-20,2.852,5.853,3.012155647861216,6.315989391714121,0
313,2007-10-28,2.547,5.291,2.927581881220168,6.129627664015876,0
314,2007-11-05,3.377,6.763,3.0092942834456067,6.244786272639189,0
315,2007-11-13,2.579,6.147,2.9310589584891877,6.227006920517158,0
316,2007-11-21,2.7319999,5.117,2.894866397693879,6.025187499149825,0
317,2007-11-29,3.274,5.552,2.9637997671001006,5.939153416718288,0
318,2007-12-07,3.327,6.086,3.0298361553955773,5.96585278925455,0
319,2007-12-15,3.138,7.0360003,3.0495023110407615,6.160425055166453,0
320,2007-12-23,2.685,7.497,2.983229153175085,6.403438721033959,0
321,2007-12-31,3.334,6.785,3.0470056908934735,6.472813471284532,0
322,2008-01-05,2.413,5.518,2.931731948333119,6.2992110448482554,0
323,2008-01-13,2.809,5.499,2.9094170514105135,6.153718140781163,0
324,2008-01-21,3.71,5.42,3.054977594453506,6.020314856328941,0
325,2008-01-29,3.843,5.332,3.198254383671077,5.895166660405053,0
326,2008-02-06,2.356,4.425,3.04511721329347,5.6278636659195636,0
327,2008-02-14,3.217,7.446,3.0763686304454563,5.9584339265127575,0
328,2008-02-22,3.05,7.646,3.071574325331061,6.265264105046305,0
329,2008-03-01,4.244,6.13,3.284742622186928,6.240670652208962,0
330,2008-03-09,3.493,6.952,3.3226076055197735,6.370003286560751,0
331,2008-03-17,3.114,6.288,3.284678964882722,6.355093617515436,0
332,2008-03-25,3.679,8.49,3.3563736805072946,6.743258372715933,1
333,2008-04-02,4.032,7.1,3.479214841296851,6.808120469428049,0
334,2008-04-10,2.577,5.353,3.3151757615565542,6.543553141174219,0
335,2008-04-18,2.907,6.811,3.240961998518973,6.592179819197142,0
336,2008-04-26,3.076,6.339,3.2109689033708815,6.54614716571896,0
337,2008-05-04,2.564,5.582,3.0933381739000168,6.370847640815068,0
338,2008-05-12,2.682,6.162,3.018549400790688,6.332875375083377,0
339,2008-05-20,2.293,6.116,2.8866313247985373,6.293443520609322,0
340,2008-05-28,3.113,5.848,2.927789250485469,6.212453798606003,0
341,2008-06-05,2.388,5.688,2.829645752477946,6.11709859925563,0
342,2008-06-13,2.893,5.856,2.841164686112216,6.069626116953559,0
343,2008-06-21,2.339,5.942,2.7498620134824603,6.046421352464178,0
344,2008-06-29,1.826,6.285,2.5818870974319164,6.08979926063653,0
345,2008-07-07,1.9599999,5.499,2.468816701342056,5.982381226426116,0
346,2008-07-15,2.487,6.718,2.4721227535627563,6.116130082557759,0
347,2008-07-23,3.482,7.307,2.655736818830177,6.332651914859491,0
348,2008-07-31,3.042,6.333,2.72596649819071,6.3327152363587595,0
349,2008-08-08,3.099,7.435,2.793790767085457,6.533130637526175,0
350,2008-08-16,3.507,6.194,2.9234651675212686,6.471470479303865,0
351,2008-08-24,2.826,5.827,2.9057442234636683,6.354294054183853,0
352,2008-09-01,3.35,5.66,2.9865179836761957,6.228058743861718,0
353,2008-09-09,3.509,4.862,3.0815147253609796,5.979684424715206,0
354,2008-09-17,3.503,6.465,3.15814841547368,6.067923647964786,0
355,2008-09-25,3.267,6.716,3.1779396053776794,6.185755726536396,0
356,2008-10-03,3.723,6.147,3.2770415043255676,6.178709200978508,0
357,2008-10-11,3.282,7.093,3.2779430607845286,6.344943879918807,0
358,2008-10-19,3.396,6.628,3.2994079421777536,6.396408589490343,0
359,2008-10-27,3.021,6.778,3.2487882996813013,6.4657888237520424,0
360,2008-11-04,2.69,6.416,3.1471904374156936,6.456736290228723,0
361,2008-11-12,3.164,6.173,3.150246727764163,6.4051478481609925,0
362,2008-11-20,2.1859999,6.23,2.9749291173161865,6.3733027883269004,0
363,2008-11-28,3.061,7.179,2.990578388480311,6.519793172416168,0
364,2008-12-06,2.893,6.335,2.9728368428414242,6.486194420730859,0
365,2008-12-14,3.187,6.765,3.0117756052774607,6.536886319958993,0
366,2008-12-22,2.36,6.411,2.8932709306989812,6.513997857226968,0
367,2008-12-30,2.597,5.933,2.8394034675994817,6.408361899138071,0
368,2009-01-05,2.61,6.872,2.7976937271442712,6.492659775192557,0
369,2009-01-13,2.17,6.399,2.6835676088078486,6.475630755675126,0
370,2009-01-21,3.088,7.623,2.7571007815932957,6.684243371908465,0
371,2009-01-29,3.121,6.08,2.823264285212408,6.574380926780755,0
372,2009-02-06,3.373,6.201,2.9232162163628646,6.506493524388444,0
373,2009-02-14,2.574,6.757,2.8597223373413225,6.552040150769167,0
374,2009-02-22,3.442,6.952,2.9655909873268937,6.6247601490191,0
375,2009-03-02,3.1,7.786,2.9900289722915616,6.835894626457967,0
376,2009-03-10,3.1,7.479,3.010023687262654,6.952822892838834,0
377,2009-03-18,2.945,7.139,2.9982011865317713,6.986673264861746,0
378,2009-03-26,2.534,6.741,2.9138009562335143,6.942005430427987,0
379,2009-04-03,3.334,7.309,2.990200802486734,7.008731718579042,0
380,2009-04-11,2.869,6.373,2.9681642853142973,6.8931441597389425,0
381,2009-04-19,3.484,6.629,3.0619525911798933,6.845117982862802,0
382,2009-04-27,2.613,6.004,2.980324832070214,6.692187474509596,0
383,2009-05-05,3.227,5.962,3.025174862256111,6.559426096087574,0
384,2009-05-13,3.26,6.68,3.067870340111956,6.581348592860492,0
385,2009-05-21,2.841,6.436,3.0266212019295353,6.554921552395,0
386,2009-05-29,3.546,5.481,3.121053711363201,6.3596630786130435,0
387,2009-06-06,2.0,5.4900002,2.9172257638426187,6.201542563948004,0
388,2009-06-14,2.377,5.132,2.819002914682158,6.007080274045171,0
389,2009-06-22,2.355,4.845,2.7346387518442175,5.79579291334453,0
390,2009-06-30,2.751,5.733,2.7376135110581328,5.784375983942932,0
391,2009-07-08,2.834,5.499,2.7551383473432396,5.732489454585899,0
392,2009-07-16,2.798,6.092,2.762931392785338,5.797855009684716,0
393,2009-07-24,2.719,5.834,2.7549438852042725,5.804426846219536,0
394,2009-08-01,2.797,6.671,2.7625904390463045,5.961985602145929,0
395,2009-08-09,2.51,6.459,2.7166649029402956,6.052351876415074,0
396,2009-08-17,3.003,6.257,2.768725833493121,6.089560620609137,0
397,2009-08-25,3.231,5.96,2.8527756722387787,6.066004151070562,0
398,2009-09-02,3.073,5.097,2.8928164507814795,5.889821600343243,0
399,2009-09-10,2.299,5.873,2.7848498278749436,5.886763153909652,0
400,2009-09-18,2.976,6.056,2.8196044174562083,5.917533531870903,0
401,2009-09-26,3.974,6.017,3.0294945192117737,5.93561838032424,0
402,2009-10-04,2.721,7.236,2.9734045986516295,6.17205141318077,0
403,2009-10-12,3.399,6.385,3.0507855678837155,6.2107693796718735,0
404,2009-10-20,2.877,6.262,3.0191882088976003,6.22008405317214,0
405,2009-10-28,3.8669999,6.903,3.1733357826577184,6.344250566764421,0
406,2009-11-05,3.63,7.049,3.256365661163755,6.4723867885121535,0
407,2009-11-13,3.822,5.307,3.3592082730799597,6.26049831064036,0
408,2009-11-21,3.68,6.051,3.4175340537485495,6.22240773020677,0
409,2009-11-29,3.516,5.406,3.4354369589624363,6.073969986047194,0
410,2009-12-07,3.475,5.829,3.4426302218115508,6.029429987890486,0
411,2009-12-15,3.102,7.207,3.38069745386266,6.2435335862281365,0
412,2009-12-23,2.482,5.901,3.2172979372573702,6.181254756529963,0
413,2009-12-31,3.083,5.53,3.1928801204263735,6.062844838944215,0
414,2010-01-05,3.027,4.872,3.1627200895141123,5.846327635033947,0
415,2010-01-13,3.116,5.726,3.154225516340182,5.824449852692015,0
416,2010-01-21,3.939,6.709,3.296911766329445,5.985277172316416,0
417,2010-01-29,3.567,6.086,3.3460187019535392,6.0035904074712,0
418,2010-02-06,2.954,7.916,3.2747425736320417,6.351301222362578,0
419,2010-02-14,3.953,6.117,3.3980621181834074,6.308701018841534,0
420,2010-02-22,2.225,6.074,3.184778079355982,6.26602808482387,0
421,2010-03-02,3.24,6.361,3.1948184302979383,6.283295716862286,0
422,2010-03-10,3.985,6.535,3.338487787533918,6.329060104234981,0
423,2010-03-18,3.411,7.236,3.351671828591649,6.493958278198649,0
424,2010-03-26,3.487,6.289,3.376276948585151,6.4566931429502175,0
425,2010-04-03,3.268,7.172,3.356590210199929,6.586748922656624,0
426,2010-04-11,1.958,6.493,3.10230107101574,6.569703669540433,0
427,2010-04-19,3.159,6.752,3.112609952629488,6.602848430540629,0
428,2010-04-27,2.849,7.666,3.064680866171729,6.796148695783019,0
429,2010-05-05,3.84,6.277,3.2056479658076533,6.701758014805914,0
430,2010-05-13,2.501,6.655,3.07753014066458,6.6932565957154475,0
431,2010-05-21,2.078,4.708,2.895797400300938,6.332300884331815,0
432,2010-05-29,2.674,5.965,2.8554706047545007,6.265518933105647,0
433,2010-06-06,2.944,5.474,2.8715668594758723,6.121606395652224,0
434,2010-06-14,2.881,6.218,2.873281983564199,6.139132493742755,0
435,2010-06-22,3.355,6.181,2.960867080929524,6.146744809916169,0
436,2010-06-30,2.312,5.731,2.8428912546222693,6.071154834766727,0
437,2010-07-08,3.14,5.42,2.8969110455826157,5.952763060498947,0
438,2010-07-16,1.873,4.85,2.710745405612905,5.752260668523242,0
439,2010-07-24,2.171,6.156,2.6126098780132305,5.825667844669763,0
440,2010-08-01,2.65,5.853,2.619408099350358,5.830637357281075,0
441,2010-08-09,2.381,5.829,2.576061179825142,5.830339655263662,0
442,2010-08-17,2.1859999,5.41,2.505140941729715,5.753914235654289,0
443,2010-08-25,3.209,5.699,2.633115336074534,5.74392980767067,0
444,2010-09-02,3.637,5.617,2.815639835683408,5.720851679548153,0
445,2010-09-10,3.055,5.651,2.859159877696825,5.7081513783372495,0
446,2010-09-18,3.891,7.393,3.04676717855648,6.014487514255024,0
447,2010-09-26,4.373,5.792,3.2879004451750284,5.974035205644026,1
448,2010-10-04,3.205,5.541,3.2728276230897606,5.895301511776708,0
449,2010-10-12,3.584,7.409,3.3294044390054807,6.1705194041611895,0
450,2010-10-20,4.097,5.572,3.4689672904718143,6.06169769916877,0
451,2010-10-28,3.352,5.282,3.4477005100392386,5.9199344929289675,0
452,2010-11-05,3.363,7.213,3.4323004020460424,6.155037279798106,0
453,2010-11-13,3.215,7.533,3.3927912224320913,6.405575954811288,0
454,2010-11-21,3.014,7.521,3.323920079983501,6.608380310017829,0
455,2010-11-29,3.256,7.911,3.3115709821613493,6.845220212729653,0
456,2010-12-07,2.169,7.218,3.1038307872873974,6.912998344078834,1
457,2010-12-15,3.033,7.416,3.0909524609388894,7.004453170496098,0
458,2010-12-23,2.641,6.302,3.009142928481806,6.876734420547057,0
459,2010-12-31,3.1200001,6.952,3.0292987822083246,6.890419097019192,0
460,2011-01-05,2.819,5.425,2.9910626410290018,6.6239792958765875,0
461,2011-01-13,3.424,7.308,3.069778528986553,6.748346712578669,0
462,2011-01-21,4.047,4.759,3.247455147595444,6.386647278386897,1
463,2011-01-29,3.345,6.742,3.2651905805072228,6.451256882861429,0
464,2011-02-06,3.496,7.337,3.3071559388692573,6.612301066557256,0
465,2011-02-14,3.538,7.4440002,3.349127605767851,6.7635190988451415,0
466,2011-02-22,3.549,6.538,3.385468045591066,6.72251564574812,0
467,2011-03-02,3.073,8.041,3.328655665342442,6.962240140377724,0
468,2011-03-10,3.2319999,7.208,3.3110818851192687,7.0069237845100405,0
469,2011-03-18,3.516,5.81,3.348339730083934,6.789301267831768,0
470,2011-03-26,3.262,7.185,3.3326416126001894,6.861246481458635,0
471,2011-04-03,3.162,7.346,3.30161585410419,6.949383520202439,0
472,2011-04-11,2.963,7.374,3.2400493459266664,7.026586529707313,0
473,2011-04-19,2.905,7.643,3.179131277829049,7.138661729012348,0
474,2011-04-27,3.172,7.506,3.177834669375667,7.205450513184952,0
475,2011-05-05,2.15,5.688,2.9909556559196244,6.929550456638408,0
476,2011-05-13,2.563,6.525,2.913145530072488,6.85599584549823,0
477,2011-05-21,3.157,5.571,2.957482718213827,6.622360255258939,0
478,2011-05-29,2.415,5.255,2.8588494897845904,6.373749320564753,0
479,2011-06-06,2.85,5.625,2.857240474302405,6.23761308046207,0
480,2011-06-14,2.019,4.458,2.7048331250484696,5.914047099124506,0
481,2011-06-22,2.293,5.591,2.629954371918541,5.855311277485259,0
482,2011-06-30,2.376,5.003,2.5837808365734882,5.700345551135622,0
483,2011-07-08,2.601,5.926,2.5869116063913813,5.741373654248348,0
484,2011-07-16,2.675,5.428,2.602927669286818,5.6843966213481245,0
485,2011-07-24,2.252,5.845,2.539122655500139,5.713597197501493,0
486,2011-08-01,2.636,5.568,2.556736703224479,5.6871249506435335,0
487,2011-08-09,3.458,6.603,2.7206027471267356,5.8536477167141605,0
488,2011-08-17,2.603,5.165,2.6992204159424933,5.728439034012136,0
489,2011-08-25,2.918,5.837,2.738998519013651,5.748177372044198,0
490,2011-09-02,3.015,6.08,2.789180625539201,5.808508745073627,0
491,2011-09-10,3.316,6.464,2.88496596357593,5.927689014163357,0
492,2011-09-18,3.844,6.655,3.059335806760211,6.059927413371537,0
493,2011-09-26,3.328,5.505,3.108183854379182,5.959031540838697,0
494,2011-10-04,3.403,5.913,3.1617868111008334,5.950662189197393,0
495,2011-10-12,3.704,7.348,3.2603710265707373,6.20472361835988,0
496,2011-10-20,3.028,7.264,3.2181217701666514,6.397319313015328,0
497,2011-10-28,2.84,6.358,3.1493723418034985,6.390170310946312,0
498,2011-11-05,3.764,6.253,3.261122814014652,6.365230214876483,0
499,2011-11-13,2.439,5.9,3.1116459189721932,6.280642920420293,0
500,2011-11-21,3.072,7.214,3.1044375749232276,6.450344248537902,0
501,2011-11-29,2.712,5.784,3.033085269153273,6.32919073423853,0
502,2011-12-07,3.053,7.008,3.036706124452154,6.452610582013921,0
503,2011-12-15,1.98,6.608,2.8445777416560323,6.480863167399707,0
504,2011-12-23,1.808,6.532,2.6561090556328892,6.490160785117916,0
505,2011-12-31,1.953,6.193,2.5282710363278658,6.436131522329697,0
506,2012-01-05,3.033,6.538,2.620039937426546,6.454653083144575,0
507,2012-01-13,2.58,6.852,2.612759934931911,6.52689802012033,0
508,2012-01-21,3.678,6.334,2.8064399419074038,6.491825672939584,0
509,2012-01-29,3.012,7.907,2.8438145131830286,6.74913010783236,0
510,2012-02-06,2.721,7.499,2.82148459371902,6.885470101404523,0
511,2012-02-14,4.217,6.201,3.0752146689754514,6.7610210308987995,0
512,2012-02-22,2.638,7.403,2.9957210948788404,6.877744457631688,0
513,2012-03-01,3.632,7.992,3.1114081629885826,7.0803363931526215,0
514,2012-03-09,2.402,6.251,2.9824248516104648,6.929547944855917,0
515,2012-03-17,2.819,6.803,2.9527112432671156,6.906539222754318,0
516,2012-03-25,2.713,6.309,2.9091273916054234,6.797895730482403,0
517,2012-04-02,3.529,6.952,3.0218315101988042,6.825914714239021,0
518,2012-04-10,2.601,7.181,2.9453167029939125,6.890475717594932,0
519,2012-04-18,3.265,7.336,3.003440957886687,6.97148012633544,0
520,2012-04-26,3.537,6.626,3.1004516820658696,6.908665544732769,0
521,2012-05-04,2.652,7.538,3.0189150035827907,7.02309001056527,0
522,2012-05-12,2.569,5.782,2.9371122766990188,6.797437293162467,0
523,2012-05-20,2.753,7.054,2.9036373211138944,6.844085040008904,0
524,2012-05-28,3.195,6.563,2.956612341500968,6.792978705858006,0
525,2012-06-05,2.282,5.458,2.833955563928038,6.550255338084817,0
526,2012-06-13,2.034,5.198,2.688509083194096,6.304390722837328,0
527,2012-06-21,2.563,4.339,2.665689243297056,5.9470469959700205,1
528,2012-06-29,2.51,5.86,2.6373821064181833,5.931220293705363,0
529,2012-07-07,2.803,5.172,2.6674944458507173,5.793180227819924,0
530,2012-07-15,2.014,5.218,2.5486772627805587,5.688601992789056,0
531,2012-07-23,1.648,4.439,2.3849177608036114,5.461401654045538,0
532,2012-07-31,2.52,6.139,2.409478164462321,5.584601342212685,0
533,2012-08-08,2.696,6.126,2.4615730616841045,5.683037448632334,0
534,2012-08-16,2.821,6.434,2.526923432138291,5.819576097109871,0
535,2012-08-24,2.679,6.696,2.554573699170942,5.978925915668463,0
536,2012-09-01,3.078,6.906,2.649742129987962,6.1474848650613065,0
537,2012-09-09,3.254,6.116,2.75960718789953,6.141760376045809,0
538,2012-09-17,3.756,6.838,2.940769525001738,6.268349365984613,0
539,2012-09-25,2.925,6.87,2.937902329968019,6.3777403695436075,0
540,2012-10-03,3.658,7.374,3.06882917767758,6.558878497350087,0
541,2012-10-11,3.505,7.025,3.1481329843618235,6.643627878807787,0
542,2012-10-19,3.522,7.001,3.216108818911782,6.708604614937417,0
543,2012-10-27,3.9459999,6.086,3.348816281066649,6.595403769615656,0
544,2012-11-04,3.415,7.131,3.3608496775732637,6.692784910042203,0
545,2012-11-12,3.257,7.456,3.341967912465838,6.831551262984858,0
546,2012-11-20,3.234,6.726,3.3223373770311535,6.812360093742759,0
547,2012-11-28,2.929,7.473,3.250821472265102,6.932476449351542,0
548,2012-12-06,3.147,5.975,3.2319448544690097,6.758389804857182,0
549,2012-12-14,3.178,7.0360003,3.2221366942559393,6.808864431568606,0
550,2012-12-22,3.04,6.757,3.1890209247281374,6.799434529371117,0
551,2012-12-30,3.442,6.203,3.235017104279742,6.690991900151742,0
552,2013-01-05,3.719,5.418,3.3230140127906034,6.459538867624597,0
553,2013-01-13,3.609,4.955,3.375011459115052,6.185986332366681,0
554,2013-01-21,2.723,5.372,3.256463930110691,6.037988856925057,0
555,2013-01-29,3.638,6.796,3.3258341267167637,6.175809065450446,0
556,2013-02-06,3.095,6.385,3.283864290697394,6.213843822437971,0
557,2013-02-14,3.349,6.104,3.2957071427727436,6.193872235004292,0
558,2013-02-22,2.18,5.502,3.092851310769918,6.06807725682924,0
559,2013-03-02,2.741,7.082,3.0288783337312952,6.252426806268934,0
560,2013-03-10,3.388,6.584,3.0941731842245312,6.312712861606622,0
561,2013-03-18,2.718,6.151,3.0257780480291885,6.283310527294179,0
562,2013-03-26,3.083,4.9769998,3.0361820292396797,6.0457994786359786,0
563,2013-04-03,3.346,6.746,3.0925125614017346,6.173108630353044,0
564,2013-04-11,2.847,5.972,3.047873892719916,6.13654344702891,0
565,2013-04-19,2.34,6.8,2.919169532983443,6.257171945884538,0
566,2013-04-27,3.637,5.673,3.049684178608879,6.150958839152113,0
567,2013-05-05,2.8930001,5.058,3.021196169022721,5.952239066167735,0
568,2013-05-13,3.122,6.072,3.03952413447662,5.974013786265034,0
569,2013-05-21,3.407,6.014,3.1063379399990256,5.981283995846818,0
570,2013-05-29,2.913,5.902,3.071185606692207,5.966868714858111,0
571,2013-06-06,2.924,6.169,3.0444245918019024,6.0036198846608535,0
572,2013-06-14,2.439,5.987,2.934347373525398,6.000598085369045,0
573,2013-06-22,2.922,5.783,2.9321023840363165,5.9610347957329655,0
574,2013-06-30,2.509,5.256,2.855174689291987,5.832846658683638,0
575,2013-07-08,2.062,5.403,2.710961116009739,5.754692698546557,0
576,2013-07-16,2.223,5.586,2.6222409221154344,5.724021292568588,0
577,2013-07-24,2.225,5.867,2.5500152825730953,5.750017439919176,0
578,2013-08-01,2.546,6.116,2.5492852318897503,5.816559755474976,0
579,2013-08-09,2.966,5.709,2.625051567929549,5.797003456411566,0
580,2013-08-17,2.334,5.806,2.572133121147126,5.798639233917923,0
581,2013-08-25,2.798,6.289,2.613199844079427,5.887795743084169,0
582,2013-09-02,3.3370001,5.069,2.744799896357178,5.738923747487678,0
583,2013-09-10,3.265,5.875,2.8393817524566316,5.7636648843081,0
584,2013-09-18,3.075,6.058,2.8822214424979196,5.817180375840816,0
585,2013-09-26,3.523,5.73,2.998726635117816,5.80132940188312,0
586,2013-10-04,3.66,5.926,3.1189581716110655,5.823996804859937,0
587,2013-10-12,3.534,7.327,3.194420307662028,6.09727013872973,0
588,2013-10-20,4.071,6.22,3.3537984515747734,6.119584620813715,0
589,2013-10-28,4.28,4.78,3.5221987712536054,5.8760238188127385,1
590,2013-11-05,3.105,6.437,3.4463444526754015,5.978019451359703,0
591,2013-11-13,2.874,7.393,3.3422818380942823,6.23528866490976,0
592,2013-11-21,3.321,6.0299997,3.3384124310193455,6.197963404557293,0
593,2013-11-29,3.078,6.776,3.2910647287730193,6.303060971526546,0
594,2013-12-07,2.123,5.105,3.0786893065488186,6.085231707444171,0
595,2013-12-15,2.6759999,6.431,3.0054730471466766,6.148098712035509,0
596,2013-12-23,3.175,5.752,3.036296120813878,6.076080738036598,0
597,2013-12-31,3.101,6.134,3.048060475315337,6.086611481034294,0
598,2014-01-05,2.217,6.449,2.896958572099711,6.152500281163401,0
599,2014-01-13,3.294,5.85,2.969147906327876,6.09750021270325,0
600,2014-01-21,3.172,5.874,3.006030092692889,6.056863823571613,0
601,2014-01-29,3.6069999,6.157,3.1152973256787257,6.075070412894928,0
602,2014-02-06,3.916,7.639,3.2608796099869175,6.359421235816731,0
603,2014-02-14,3.943,6.286,3.384901513298623,6.34607187929239,0
604,2014-02-22,3.18,8.144,3.347646704836546,6.672967910949367,0
605,2014-03-02,3.0979998,7.051,3.302256360533989,6.741701039550504,0
606,2014-03-10,3.033,7.046,3.2533006572315557,6.797028123962175,0
607,2014-03-18,3.492,7.03,3.296700556461605,6.839386685025115,0
608,2014-03-26,3.014,7.442,3.2453004441894664,6.948952726340905,0
609,2014-04-03,3.7779999,7.218,3.3421548866876885,6.997870400669858,0
610,2014-04-11,3.576,7.006,3.3846721755089213,6.99934851726837,0
611,2014-04-19,3.009,7.2530003,3.3163681550423,7.045467015837651,0
612,2014-04-27,3.193,6.799,3.2939375956166628,7.0006547922993425,0
613,2014-05-05,3.291,7.429,3.2934034672088663,7.078535721120893,0
614,2014-05-13,3.013,7.094,3.24242102070618,7.081347383220894,0
615,2014-05-21,3.228,5.561,3.2397990034165844,6.804920562689875,0
616,2014-05-29,2.64,6.418,3.13074465823251,6.7345714097012515,0
617,2014-06-06,2.704,5.416,3.0531547196784725,6.494831133278074,0
618,2014-06-14,2.159,4.834,2.8905811197171785,6.192861856432282,0
619,2014-06-22,1.931,5.402,2.7161118241827737,6.049068782609854,0
620,2014-06-30,2.111,5.907,2.6060915036104797,6.023238106653491,0
621,2014-07-08,1.708,4.59,2.442802129260736,5.762649387732472,0
622,2014-07-16,2.828,5.522,2.512838118243248,5.718894923775298,0
623,2014-07-24,2.313,5.608,2.4765039083372713,5.698732174295379,0
624,2014-08-01,2.746,7.059,2.5255032070938426,5.94605359992509,0
625,2014-08-09,2.123,5.355,2.4523207888113103,5.838589312497526,0
626,2014-08-17,1.774,5.956,2.328989745143325,5.859936683175577,0
627,2014-08-25,2.78,6.101,2.41099160446086,5.903766346626075,0
628,2014-09-02,3.7,5.517,2.645356775955925,5.833445228760291,0
629,2014-09-10,3.39,7.218,2.780746472128334,6.085182448103901,0
630,2014-09-18,3.724,6.815,2.9522471093980576,6.217876558852367,0
631,2014-09-26,3.621,5.204,3.073838553416304,6.033535365640173,0
632,2014-10-04,2.547,5.983,2.9780497130379673,6.02434708127573,0
633,2014-10-12,2.621,7.54,2.913131592758048,6.299920332289783,0
634,2014-10-20,2.942,6.18,2.918380378122396,6.2781166042986625,0
635,2014-10-28,3.684,5.578,3.0575839485108314,6.150822688728825,0
636,2014-11-05,2.695,7.006,2.991659582098462,6.306309480225706,0
637,2014-11-13,3.008,7.427,2.9946305484447735,6.510071401234917,0
638,2014-11-21,3.2,6.703,3.0319704573973087,6.545149340767577,0
639,2014-11-29,3.197,7.187,3.061975833634685,6.661849423868207,0
640,2014-12-07,3.339,6.066,3.1123438614553893,6.553513162208753,0
641,2014-12-15,2.643,6.079,3.027008593457397,6.46723804111358,0
642,2014-12-23,2.641,5.808,2.95682521872422,6.347376595045299,0
643,2014-12-31,2.348,5.711,2.8461297334272824,6.231671753340285,0
644,2015-01-05,3.304,6.198,2.929378854771026,6.225549608046349,0
645,2015-01-13,2.786,5.743,2.90330997451292,6.137813321222936,0
646,2015-01-21,2.736,7.447,2.8728899902442357,6.375847267673835,0
647,2015-01-29,2.651,6.789,2.8325463598158627,6.450965952520825,0
648,2015-02-06,3.479,5.562,2.950083401949839,6.289335742575411,0
649,2015-02-14,2.852,6.649,2.9322500557939866,6.3547292744429145,0
650,2015-02-22,3.814,5.116,3.0925682077007397,6.1295058019034885,0
651,2015-03-02,3.303,6.728,3.1308285287182636,6.238322958654123,0
652,2015-03-10,2.606,7.493,3.0354051501502584,6.466446062629298,0
653,2015-03-18,2.718,6.017,2.9776951110593286,6.3847286327629265,0
654,2015-03-26,3.535,7.544,3.0790232882904855,6.595505272037521,0
655,2015-04-03,3.286,6.563,3.11665542011975,6.5895952593359635,0
656,2015-04-11,2.758,7.363,3.0514453250076454,6.730214287834273,0
657,2015-04-19,2.838,6.464,3.012637094847675,6.681811730967521,0
658,2015-04-27,3.3700001,7.065,3.0776121910531273,6.751482335740782,0
659,2015-05-05,3.544,6.781,3.1624099581988525,6.75684920875684,0
660,2015-05-13,3.465,6.77,3.2174263138298453,6.759240258242235,0
661,2015-05-21,3.036,6.836,3.1844397137428624,6.773196568683233,0
662,2015-05-29,2.399,6.782,3.0416324802310877,6.774797204349891,0
663,2015-06-06,2.545,5.955,2.9513356795152434,6.625743153323739,0
664,2015-06-14,2.848,5.72,2.9325473831653923,6.461062541845178,0
665,2015-06-22,2.056,5.304,2.7731751306404036,6.250687516203849,0
666,2015-06-30,2.074,5.927,2.6460523581138546,6.191835248853397,0
667,2015-07-08,2.723,5.345,2.6600428474733473,6.037865165460352,0
668,2015-07-16,2.48,5.889,2.6273077877642814,6.010798760642987,0
669,2015-07-24,2.047,5.575,2.5217972684135845,5.931562587665195,0
670,2015-08-01,2.727,6.909,2.5591068556279604,6.109278466251769,0
671,2015-08-09,3.204,5.98,2.6763601539111135,6.085773294037536,0
672,2015-08-17,2.491,7.224,2.6426582963013647,6.292723600051042,0
673,2015-08-25,3.234,6.721,2.750174963805675,6.370592071778045,0
674,2015-09-02,2.411,5.151,2.688506790995814,6.148848062888979,0
675,2015-09-10,3.238,4.984,2.788414631919604,5.937057543453466,0
676,2015-09-18,3.373,5.501,2.8947028636687517,5.857774340556609,0
677,2015-09-26,4.209,4.659,3.133665999479201,5.639815354981108,1
678,2015-10-04,4.093,6.439,3.3080903514193727,5.785121677657217,0
679,2015-10-12,3.704,7.845,3.380073923194996,6.159644970845295,0
680,2015-10-20,3.439,6.673,3.390787735574292,6.252982223210915,0
681,2015-10-28,4.042,5.199,3.509189932177972,6.061349070217,0
682,2015-11-05,3.534,8.207,3.5137008390349505,6.4514673808589205,1
683,2015-11-13,3.311,6.87,3.476846160795663,6.527564199895314,0
684,2015-11-21,3.369,7.312,3.45723776029433,6.670188854063627,0
685,2015-11-29,3.549,7.253,3.4739218083854575,6.776154477427015,0
686,2015-12-07,2.773,5.445,3.3464814799348925,6.534126421833263,0
687,2015-12-15,3.182,6.313,3.316575742091949,6.493921654623389,0
688,2015-12-23,2.846,5.878,3.2310165082808644,6.381935859703182,0
689,2015-12-31,2.343,6.335,3.0695589495298248,6.373402073965689,0
